amount,merchant,hour,device
1619.84,gas,12,atm
242.38,crypto,3,desktop
2914.36,crypto,6,mobile
430.65,electronics,2,mobile
454.47,electronics,1,atm
619.89,gas,20,atm
2915.40,grocery,18,atm
1984.01,gas,1,atm
4292.48,travel,13,mobile
2703.89,crypto,9,atm
4080.82,gas,3,atm
2856.45,gas,11,mobile
2739.17,grocery,18,mobile
3095.43,electronics,21,atm
2138.53,travel,14,atm
4617.28,travel,9,mobile
3972.10,other,7,mobile
2872.54,crypto,15,desktop
3647.50,travel,19,mobile
591.21,electronics,5,desktop
760.77,electronics,13,mobile
4810.13,grocery,17,atm
3945.68,travel,10,atm
1751.54,electronics,18,desktop
344.75,grocery,8,desktop
3485.51,grocery,1,atm
3507.76,other,18,atm
4109.80,travel,22,desktop
4435.31,travel,0,desktop
1777.97,crypto,3,desktop
295.71,travel,4,atm
1238.83,electronics,15,mobile
832.67,electronics,17,desktop
4417.04,electronics,17,desktop
3532.28,travel,21,desktop
4788.70,gas,2,mobile
757.34,other,7,mobile
2425.33,crypto,5,desktop
1410.37,gas,13,atm
1846.90,crypto,10,mobile
3452.78,crypto,19,atm
3381.32,grocery,14,atm
3989.57,electronics,12,desktop
1971.21,electronics,20,desktop
312.18,grocery,6,desktop
812.35,travel,19,mobile
512.80,crypto,4,atm
508.22,travel,19,mobile
352.51,gas,19,desktop
743.60,travel,11,atm
1821.45,grocery,3,desktop
4965.52,electronics,15,desktop
1559.95,gas,3,atm
1713.84,travel,15,atm
808.03,grocery,6,atm
1809.40,other,17,mobile
3790.96,travel,20,mobile
3481.29,travel,16,desktop
4541.38,travel,7,atm
2708.29,crypto,10,atm
1115.99,gas,7,desktop
3699.63,gas,6,atm
2464.42,other,0,mobile
3950.78,electronics,8,mobile
3462.92,travel,14,atm
4940.20,travel,2,mobile
511.68,electronics,6,desktop
1022.66,crypto,19,mobile
2397.89,other,11,atm
424.81,other,3,desktop
3911.73,gas,15,mobile
2170.19,other,10,mobile
4004.32,other,12,desktop
2007.53,grocery,23,mobile
850.85,gas,0,mobile
2954.47,electronics,20,mobile
3058.26,crypto,15,atm
4687.40,gas,17,atm
655.79,grocery,23,atm
514.76,other,4,desktop
4932.76,gas,6,mobile
1259.92,travel,16,mobile
3818.64,travel,8,atm
2095.64,gas,1,atm
1769.57,electronics,21,atm
4075.42,crypto,13,atm
654.69,gas,16,atm
94.51,electronics,5,atm
20.66,gas,5,mobile
2367.99,other,3,atm
309.71,other,16,atm
2777.65,grocery,17,mobile
1243.22,travel,1,mobile
2539.06,crypto,0,mobile
2216.80,crypto,16,atm
2561.30,other,8,desktop
2541.27,electronics,16,mobile
3496.39,travel,17,mobile
4200.16,gas,13,mobile
1962.43,travel,2,atm
1203.95,grocery,6,atm
1514.60,grocery,4,atm
3217.65,travel,4,desktop
4414.28,electronics,7,atm
4762.57,electronics,15,mobile
4949.37,gas,5,atm
2158.18,crypto,12,desktop
2106.96,travel,10,mobile
3611.03,grocery,10,atm
2293.90,other,0,desktop
1658.16,crypto,9,atm
4803.91,grocery,7,mobile
421.22,travel,1,mobile
1352.96,gas,13,atm
4095.08,travel,12,mobile
2683.46,crypto,18,desktop
3502.39,grocery,8,mobile
3998.14,gas,13,mobile
1345.35,grocery,20,mobile
4008.34,grocery,19,mobile
334.05,grocery,14,mobile
1696.42,crypto,13,desktop
3108.90,grocery,16,atm
1192.94,grocery,5,desktop
252.85,gas,9,atm
1525.72,gas,9,desktop
2500.94,gas,8,desktop
4018.59,travel,1,mobile
93.15,crypto,17,mobile
2571.66,gas,14,mobile
3291.94,other,13,atm
2475.51,electronics,16,desktop
3439.02,gas,10,mobile
4161.60,other,23,atm
699.45,travel,1,mobile
72.26,other,23,desktop
2154.27,grocery,2,atm
4206.50,crypto,21,desktop
2994.29,other,9,mobile
2297.81,gas,8,desktop
19.11,travel,10,atm
1618.35,grocery,9,mobile
1783.56,grocery,10,desktop
420.37,travel,16,atm
1005.70,crypto,0,mobile
1321.58,grocery,4,desktop
2934.42,electronics,0,desktop
1521.92,gas,2,atm
4788.23,gas,21,atm
3920.42,crypto,12,desktop
3603.67,electronics,4,desktop
3621.05,other,4,mobile
4124.46,other,16,atm
2146.79,other,16,mobile
4549.53,crypto,18,mobile
4132.22,crypto,22,atm
4780.43,other,7,mobile
156.77,gas,20,desktop
4797.62,electronics,14,atm
254.85,grocery,20,atm
3403.64,electronics,8,mobile
2285.29,grocery,23,atm
4489.39,grocery,21,atm
331.19,other,15,desktop
4046.28,travel,7,atm
3782.45,gas,23,atm
4878.70,electronics,12,mobile
2395.57,other,9,mobile
3085.25,other,6,mobile
2998.93,travel,8,atm
3716.34,travel,19,atm
668.07,electronics,1,desktop
1344.60,other,3,atm
1089.25,electronics,9,atm
2583.16,electronics,14,desktop
3836.08,crypto,6,desktop
4890.65,electronics,0,desktop
2295.40,crypto,14,desktop
1934.85,gas,2,atm
452.43,other,16,desktop
4763.75,gas,19,atm
2544.21,grocery,22,desktop
1157.69,electronics,12,mobile
796.17,electronics,21,desktop
2027.69,other,4,desktop
1720.46,travel,3,desktop
9.71,travel,12,mobile
4699.47,gas,22,mobile
4507.93,travel,8,desktop
325.82,electronics,18,mobile
1804.19,electronics,8,mobile
1403.91,grocery,21,desktop
3175.18,gas,7,desktop
2181.77,travel,6,desktop
3925.93,electronics,0,atm
2000.81,crypto,17,mobile
3598.14,grocery,23,desktop
2254.85,gas,20,desktop
2428.39,crypto,4,mobile
2361.45,travel,9,desktop
